{
  "accuracy": 0.9001995921134949,
  "precision": 0.9017720161076972,
  "recall": 0.9001996007984032,
  "f1_score": 0.9007069671065517
}